page_url,writer,date,title,content
https://www.ndtv.com/latest/page-1,NDTV Movies News Desk," Tuesday April 12, 2022","Wedding Or No Wedding, Neetu Kapoor Is Burning Up This Dance Floor",Riddhima Kapoor Sahni has replied with fire and heart emojis
https://www.ndtv.com/latest/page-1,carandbike team," Tuesday April 12, 2022                                                        
                                                        ","The New Age Baleno - Bold, Intelligent & Tech-Loaded","The new age Baleno is bold, intelligent, and loaded with best-in-class tech, in fact, it even offers the same level of performance, which impressed us in the first place. At a starting price of Rs. 6.35 lakh the Baleno offers a great value proposition."
https://www.ndtv.com/latest/page-1,Deepshikha Ghosh," Tuesday April 12, 2022","""Superb"": Sena Leader's Shout-Out To S Jaishankar On 'Russian Oil' Retort","Foreign Minister S Jaishankar's sharp remarks in the US on India's oil purchase from Russia amounting to ""less than that of Europe in an afternoon"" drew praise from the opposition today."
https://www.ndtv.com/latest/page-1,Sourabh Kulesh," Tuesday April 12, 2022                                                        
                                                        ","Realme Narzo 50A Prime India Launch Tipped for April 30, Could Debut in Two Configurations","Realme Narzo 50A Prime launch in India is set on April 30. It could be launched with two storage configurations as well as two colour options, as per a tipster."
https://www.ndtv.com/latest/page-1,Agence France-Presse," Tuesday April 12, 2022","Bracing For Fall, Ukraine Forces ""Pushed Back"" By Russia In Mariupol","Russia was poised Monday to take the strategic city of Mariupol and unleash a massive offensive in eastern Ukraine, as fresh diplomatic efforts with Moscow to broker a peace offered little hope of de-escalation."
https://www.ndtv.com/latest/page-1,Press Trust of India," Tuesday April 12, 2022                                                        
                                                        ",Mumbai City FC Become First Indian Club To Win A Match In AFC Asian Champions League,Mumbai City FC beat Air Force Club from Iraq 2-1 to script history as they became the first Indian club to win a match in the AFC Asian Champions League.
https://www.ndtv.com/latest/page-1,Prashun Talukdar," Tuesday April 12, 2022",Uber Raises Trip Fares By 12% In Delhi-NCR,Ride-hailing service Uber India has raised trip fares by 12 per cent in Delhi-NCR (National Capital Region) amid a recent spike in fuel rates.
https://www.ndtv.com/latest/page-1,Reuters," Tuesday April 12, 2022                                                        
                                                        ","China Ends Gaming Approval Freeze, Grants First Licences Since July 2021","China has finally put an end to the gaming approval freeze it started back in July last year. China's gaming regulator granted licences to companies such as Baidu, XD, iDreamSky, 37Games, Shenzhen Zqgame, and Yoozoo Games."
https://www.ndtv.com/latest/page-1,Pranita Chaubey," Tuesday April 12, 2022","Ranbir Kapoor, Alia Bhatt's Reported Wedding: After RK Studios, Krishna Raj Bungalow Lit Up","Ranbir, Alia Marriage: The Krishna Raj Bungalow is lit up and how"
https://www.ndtv.com/latest/page-1,Amit Chaturvedi," Tuesday April 12, 2022                                                        
                                                        ",Russian State TV Host Says Time To Help Trump Become US President: Report,Donald Trump faced criticism over his relationship with the Russian President when he occupied the US top office.
https://www.ndtv.com/latest/page-1,Arun Nair," Tuesday April 12, 2022","Fire Breaks Out At Delhi's Ram Lal Anand College, No Casualties Reported","A major fire broke out at Delhi University's Ram Lal Anand college this morning. The fire was reported from the college auditorium at around 9 am, officials said, adding no casualties were reported in the incident."
https://www.ndtv.com/latest/page-1,rashi.hardaha," Tuesday April 12, 2022                                                        
                                                        ","TS PGECET 2022 Registration Begins Today At Pgecet.tsche.ac.in; Check Exam Schedule, Details","TS PGECET 2022: The PGECET exam 2022 will be conducted by Osmania University, Hyderabad from July 29 to August 1 on behalf of the Telangana State Council of Higher Education (TSCHE)."
https://www.ndtv.com/latest/page-1,Apoorva Sinha," Tuesday April 12, 2022                                                        
                                                        ","Realme 9 4G to Go on Sale for the First Time in India Today: Price, Specifications","Realme 9 4G is set to go on sale in India for the first time today at 12pm (noon). Check out its price, availability, and specifications."
https://www.ndtv.com/latest/page-1,Reuters," Tuesday April 12, 2022                                                        
                                                        ","Epic Games Raises $2 Billion From Sony, Lego Parent Company to Build Out Metaverse","Sony, an existing investor, and Kirkbi each invested $1 billion (roughly Rs. 7,600 crore), Epic said."
https://www.ndtv.com/latest/page-1,NDTV Movies News Desk," Tuesday April 12, 2022                                                        
                                                        ","Ranbir Kapoor, Alia Bhatt Reported Wedding Live Updates:  Groom-To-Be Ranbir Spotted In His Car","Ranbir Kapoor, Alia Bhatt: The couple are reportedly getting married this week. Festivities are to begin with a mehendi"
https://www.ndtv.com/latest/page-2,Press Trust of India," Tuesday April 12, 2022","India Now ""Partner Of Choice"": Blinken Reflects On Moscow- New Delhi Ties","India's relationship with Russia was developed over decades at a time when the US was not able to be a partner of the South Asian country, Secretary of State Tony Blinken."
https://www.ndtv.com/latest/page-2,Press Trust of India," Tuesday April 12, 2022","Rajnath Singh Invites US Defence Companies To Invest, 'Make In India'",Defence Minister Rajnath Singh on Monday urged American companies to come and invest in India and support the 'Make in India' programme.
https://www.ndtv.com/latest/page-2,Agence France-Presse," Tuesday April 12, 2022                                                        
                                                        ",Video: Teenage Russian Karter Sacked Over Apparent Nazi Salute,A 15-year-old Russian karter has been sacked by his team and is being investigated by the FIA for what appeared to be a Nazi salute on the podium after winning a race.
https://www.ndtv.com/latest/page-2,Press Trust of India," Tuesday April 12, 2022","India, US Ask Pak To Take ""Immediate, Irreversible"" Action Against Terror","India and US asked Pakistan to take ""immediate, sustained, and irreversible action"" to ensure that no territory in its control is used for terrorist attacks and called for the perpetrators of the Mumbai and Pathankot attacks to be brought to justice."
https://www.ndtv.com/latest/page-2,Pranita Chaubey," Tuesday April 12, 2022","Ranbir Kapoor, Alia Bhatt's Reported Wedding: Dates, Venue And The Guest List","Ranbir, Alia Marriage: Here's a round up of everything we know so far"
https://www.ndtv.com/latest/page-2,Somdatta Saha," Tuesday April 12, 2022                                                        
                                                        ",High-Protein Diet: How To Make Chana Dal Pulao For A Quick Weekday Lunch,"Pulao Recipes: Here we bring you a pulao recipe for weekday lunch, that includes chana dal in it."
https://www.ndtv.com/latest/page-2,Reuters," Tuesday April 12, 2022",Some Lenders Stop Credit For Oil Imports By Russian-Backed Refiner Nayara: Report,"India's HDFC Bank and some foreign banks have stopped offering trade credit for oil imports to Nayara Energy, a Russian-backed refiner."
https://www.ndtv.com/latest/page-2,Manish Kumar," Tuesday April 12, 2022","Over 40 Hours On, 6 Still Stuck In Jharkhand Cable Car Disaster; 3 Dead","More than 40 hours after a cable car collision in Jharkhand's Deoghar district, eight people remain stranded in three carriages mid-air while around 39 were rescued in a risky operation involving two Air Force helicopters and dozens of officials."
https://www.ndtv.com/latest/page-2,"Maxwell Adler and Sarah Frier, Bloomberg"," Tuesday April 12, 2022                                                        
                                                        ","The ""Chilling Effect"" Of Elon Musk On Twitter Staff","Twitter Inc. employees were scheduled to have Monday off, for the company's monthly ""day of rest."" But Elon Musk made it hard not to think about work."
https://www.ndtv.com/latest/page-2,Neelav Chakravarti," Tuesday April 12, 2022                                                        
                                                        ","""The Bradman And Lara Of This Era"": Rashid Latif Rates Pakistan Cricketer Ahead Of Javed Miandad, Wasim Akram, Inzamam-Ul-Haq","Speaking on YouTube, former Pakistan captain Rashid Latif had special praise for a certain cricketer and also compared him to Sir Don Bradman and Brian Lara."
https://www.ndtv.com/latest/page-2,Agence France-Presse," Tuesday April 12, 2022","With 15 Meets Since Ukraine War, UN Puts Pressure On Veto-Member Russia",The UN Security Council -- which on Monday held a session on the plight of women and children in Ukraine -- will hold another meeting next week on the humanitarian situation there.
https://www.ndtv.com/latest/page-2,NDTV Sports Desk," Tuesday April 12, 2022                                                        
                                                        ","IPL 2022, CSK Predicted XI vs RCB: Will Rajvardhan Hangargekar Get A Chance?",IPL 2022: Chennai Super Kings are in dire need of a win to keep their playoffs hopes alive this season and it needs to be seen whether they make any changes for the game against RCB.
https://www.ndtv.com/latest/page-2,Reuters," Tuesday April 12, 2022","Taiwan's 1st War Survival Guide For ""Possible Disasters"" Amid China Threat","Taiwan's military released a handbook on civil defence for the first time on Tuesday, giving citizens survival guidance in a war scenario as Russia's invasion of Ukraine focuses attention on how the island should respond to China's pressure."
https://www.ndtv.com/latest/page-2,Prashun Talukdar," Tuesday April 12, 2022","Sensex Falls Over 350 Points, Nifty Trades Below 17,600 On Weak Global Cues","The Indian equity benchmarks on Tuesday fell in opening deals, tracking a weak trend in global markets."
https://www.ndtv.com/latest/page-3,NDTV Sports Desk," Tuesday April 12, 2022                                                        
                                                        ","IPL 2022, RCB Predicted XI vs CSK: Will Josh Hazlewood Replace David Willey?",IPL 2022: Royal Challengers Bangalore are fourth in the points table and it needs to be seen whether they bring in Josh Hazlewood for the clash against Chennai Super Kings.
https://www.ndtv.com/latest/page-3,Reuters," Tuesday April 12, 2022","""Vigilant"" Shanghai Lets Some Residents Leave Home First Time In 15 Days","Some residents of Shanghai stepped out of their homes for the first time in more than two weeks on Tuesday, as the city took tentative steps towards easing a COVID-19 lockdown amid mounting worries over the economic impact of the strict curbs."
https://www.ndtv.com/latest/page-3,Pranita Chaubey," Tuesday April 12, 2022","Ranbir Kapoor, Alia Bhatt's Reported Wedding: Keeping Up With The Groom-To-Be","Ranbir, Alia Marriage: The Rockstar actor was pictured at a skincare clinic"
https://www.ndtv.com/latest/page-3,NDTV Food Desk," Tuesday April 12, 2022                                                        
                                                        ","Baisakhi 2022: Date, Significance And 5 Classic Punjabi Dishes","Baisakhi 2022: Also known as Vaisakh Sankranti, the festival is observed by the Sikh community all across the world."
https://www.ndtv.com/latest/page-3,Press Trust of India," Tuesday April 12, 2022",Lesser Than Europe Does In An Afternoon: S Jaishankar On Russian Oil Deal,"India's total purchase of oil from Russia in a month is probably less than what Europe does in an afternoon, External Affairs Minister S Jaishankar said on Monday."
https://www.ndtv.com/latest/page-3,Prashun Talukdar," Tuesday April 12, 2022                                                        
                                                        ","Petrol, Diesel Prices Remain Steady For Sixth Straight Day. See Rates",Fuel prices were unchanged for the sixth consecutive day on Tuesday across metro cities after being hiked 14 times in 21 days.
https://www.ndtv.com/latest/page-3,rashi.hardaha," Tuesday April 12, 2022                                                        
                                                        ","KCET 2022 Registration To Begin Today; Check List Of Documents Required, Details",KCET 2022: The Karnataka Common Entrance Test (KCET 2022) application forms will be released on the official website- kea.kar.nic.in.
https://www.ndtv.com/latest/page-3,Agence France-Presse," Tuesday April 12, 2022",4.8 Million Ukraine Children Displaced Since Russia Invasion: UN Officials,Top officials at the United Nations called Monday for both an investigation into Russia's violence against women during its invasion of Ukraine and the protection of children in the conflict.
https://www.ndtv.com/latest/page-3,Neelav Chakravarti," Tuesday April 12, 2022                                                        
                                                        ",Watch: Rahul Tripathi Takes Stunning One-Handed Diving Catch To Dismiss Shubman Gill,"IPL 2022, SRH vs GT: Rahul Tripathi took a fantastic diving catch to dismiss Shubman Gill as SunRisers Hyderabad beat Gujarat Titans."
https://www.ndtv.com/latest/page-3,Agence France-Presse," Tuesday April 12, 2022",Meta Tests Letting Creators Sell Digital Goods In Virtual Reality,"Meta, the parent company of Facebook and Instagram, will give content creators the opportunity to sell virtual items to users in Horizon Worlds, its main platform in the metaverse, the company said Monday."
https://www.ndtv.com/latest/page-3,NDTV News Desk," Tuesday April 12, 2022",Fugitive Nirav Modi's Close Aide Brought To India From Cairo: CBI Sources,"Subhash Shankar Parab, a closeassociate of fugitive jeweller Nirav Modi, was deported from Egypt todayby the Central Bureau of Investigation (CBI), official sources said."
https://www.ndtv.com/latest/page-3,Reuters," Tuesday April 12, 2022","Ukraine Says Russia ""Forcibly Holding"" Many Civilians In Prisons","Ukraine's deputy prime minister on Monday accused Russia of holding civilians, including journalists, activists and elected officials, in prisons on Russian territory."
https://www.ndtv.com/latest/page-3,Kadambini Sharma," Tuesday April 12, 2022","""India Will Make Its Own Decisions, But..."": US After PM Modi-Biden Meet","Prime Minister Narendra Modi and US President Joe Biden had a ""candid exchange of views"" on Russia's war in Ukraine at a virtual summit on Monday, after which the US said ""India will make its own judgements"" on the crisis."
https://www.ndtv.com/latest/page-3,Pranita Chaubey," Tuesday April 12, 2022","Priyanka Chopra's Throwback Is About The ""Strong Maternal Figures"" In Her Life","""I'm so grateful for you all,"" wrote Priyanka Chopra"
https://www.ndtv.com/latest/page-3,Agence France-Presse," Tuesday April 12, 2022","Russia ""Repositioning, Refocusing"" On Ukraine's Donbas: US","Russian forces are reinforcing around the Donbas, notably near the town of Izyum, but have not yet launched an offensive to seize control of the disputed region of eastern Ukraine, Pentagon officials said Monday."
https://www.ndtv.com/latest/page-4,Agence France-Presse," Tuesday April 12, 2022","Russia ""Repositioning, Refocusing"" On Ukraine's Donbas: US","Russian forces are reinforcing around the Donbas, notably near the town of Izyum, but have not yet launched an offensive to seize control of the disputed region of eastern Ukraine, Pentagon officials said Monday."
https://www.ndtv.com/latest/page-4,NDTV Sports Desk," Tuesday April 12, 2022                                                        
                                                        ","IPL 2022 Points Table Update: Latest Orange Cap, Purple Cap Lists After SRH vs GT Match 21",IPL 2022: SunRisers Hyderabad are eighth in the IPL 2022 points table after two consecutive wins.
https://www.ndtv.com/latest/page-4,Press Trust of India," Tuesday April 12, 2022                                                        
                                                        ","Maharashtra: Summer Vacation For Students Of Classes 1 To 9, 11 From May 2 To June 12","The Maharashtra government has issued a circular, announcing summer vacation for students of Classes I to IX and XI from May 2 to June 12."
https://www.ndtv.com/latest/page-4,David Delima," Tuesday April 12, 2022                                                        
                                                        ","Oppo F21 Pro, F21 Pro 5G to Launch in India Today: How to Watch Livestream, Expected Price, Specifications","Oppo F21 Pro series is set to launch in India later today. The Oppo F21 Pro and Oppo F21 Pro 5G are tipped to sport 64-megapixel triple cameras and come with 4,500mAh batteries. The Oppo Enco Air 2 Pro are said to feature 12.4mm dynamic drivers and offer active noise cancellation and transparency mode support. Here’s how to watch the livestream of the Oppo F21 Pro series launch event online."
https://www.ndtv.com/latest/page-4,NDTVSports," Monday April 11, 2022                                                        
                                                        ","Sunrisers Hyderabad vs Gujarat Titans Live Score Ball by Ball, IPL 2022 Live Cricket Score Of Today's Match on NDTV Sports","Live Updates of Today Match between Sunrisers Hyderabad vs Gujarat Titans from Dr. DY Patil Sports Academy, Navi Mumbai. Check commentary and full scoreboard of the match."
https://www.ndtv.com/latest/page-4,Arnab Mitra," Monday April 11, 2022                                                        
                                                        ",IIM Shillong Inaugurates 10th Batch Of PG Programme For Executives,"Director IIM Shillong, Prof DP Goyal emphasised on the need to set a benchmark by the 10th batch for the years to come. “We produce managers with ethical and human values, wherein sustainability is our core focus”, Professor Goyal added"
https://www.ndtv.com/latest/page-4,Press Trust of India," Monday April 11, 2022                                                        
                                                        ",IPL 2022: Kane Williamson Stars As SunRisers Hyderabad Beat Gujarat Titans By Eight Wickets,IPL 2022: Kane Williamson scored 57 as SRH chased down 163 to defeat Gujarat Titans by eight wickets at Dr DY Patil Sports Academy on Monday.
https://www.ndtv.com/latest/page-4,Apoorva Sinha," Monday April 11, 2022                                                        
                                                        ","Xiaomi 12 Lite 5G Specifications Leaked, Could Feature Snapdragon 778G SoC",Xiaomi 12 Lite 5G is an upcoming smartphone whose specifications have leaked online. The phone will reportedly come with a Snapdragon 778G chipset and a 120Hz AMOLED display.
https://www.ndtv.com/latest/page-4,NDTVSports," Monday April 11, 2022                                                        
                                                        ","Sunrisers Hyderabad vs Gujarat Titans: IPL 2022 Live Cricket Score, Live Score Of Today's Match on NDTV Sports","Live Updates of Today Match between Sunrisers Hyderabad vs Gujarat Titans from Dr. DY Patil Sports Academy, Navi Mumbai. Check commentary and full scoreboard of the match."
https://www.ndtv.com/latest/page-4,NDTVSports," Monday April 11, 2022                                                        
                                                        ","Sunrisers Hyderabad vs Gujarat Titans: IPL 2022 Live Cricket Score, Live Score Of Today's Match on NDTV Sports","Live Updates of Today Match between Sunrisers Hyderabad vs Gujarat Titans from Dr. DY Patil Sports Academy, Navi Mumbai. Check commentary and full scoreboard of the match."
https://www.ndtv.com/latest/page-4,Arnab Mitra," Monday April 11, 2022                                                        
                                                        ","JNTU Anantapur Announces BTech, BPharm Semester 1 Results 2022; How To Check","JNTU Anantapur BTech/ BPharm Semester 1 Results 2022:  The candidates who had appeared in the BTech/ BPharm four-year examinations can check the results on the official website-  jntuaresults.ac.in, they can also download the marksheets from the official website"
https://www.ndtv.com/latest/page-4,Agence France-Presse," Monday April 11, 2022                                                        
                                                        ","Robber Threatened To Cut Ashley Cole's Fingers Off, Court Told","The court was told that among the items stolen from Ashley Cole during the break-in were cash, mobile phones and watches."
https://www.ndtv.com/latest/page-4,Shubham Bhatnagar," Monday April 11, 2022                                                        
                                                        ","Besides The Taj Mahal, There's Another Taj That Is A Wonder Itself","This Agra's star hotel is reason enough for a staycation closer home. And with the kind of luxury it offers, it is time to explore our neighbourhood with a fresh pair of eyes."
https://www.ndtv.com/latest/page-4,NDTVSports," Monday April 11, 2022                                                        
                                                        ","Sunrisers Hyderabad vs Gujarat Titans Live Score Ball by Ball, IPL 2022 Live Cricket Score Of Today's Match on NDTV Sports","Live Updates of Today Match between Sunrisers Hyderabad vs Gujarat Titans from Dr. DY Patil Sports Academy, Navi Mumbai. Check commentary and full scoreboard of the match."
https://www.ndtv.com/latest/page-4,Akhil Arora," Monday April 11, 2022                                                        
                                                        ",Two Thumbs Up: Netflix Adds Third Option to Thumbs Up and Down Rating System,"Netflix will now let you rate titles with Two Thumbs Up, a third option to its previously-binary rating system of Thumbs Up and Thumbs Down. Learn why Netflix is adding Two Thumbs Up, how it affects your recommendations, why the binary system has been ditched, and why there’s no Two Thumbs Down option — yet. Two Thumbs Up available on Netflix starting today on Android, iPhone, TV, and the Web."
https://www.ndtv.com/latest/page-5,NDTVSports," Monday April 11, 2022                                                        
                                                        ","Sunrisers Hyderabad vs Gujarat Titans Live Score Ball by Ball, IPL 2022 Live Cricket Score Of Today's Match on NDTV Sports","Live Updates of Today Match between Sunrisers Hyderabad vs Gujarat Titans from Dr. DY Patil Sports Academy, Navi Mumbai. Check commentary and full scoreboard of the match."
https://www.ndtv.com/latest/page-5,Debika Chakraborty," Monday April 11, 2022                                                        
                                                        ",ICSE Class 10 Semester 2 English Exam 2022: Check Specimen Question Paper,"The specimen question papers, syllabus and regulations for ICSE (Class 10) are released by CISCE board on the official website- cisce.org."
https://www.ndtv.com/latest/page-5,Press Trust of India," Monday April 11, 2022                                                        
                                                        ",Praful Patel's Tenure As AIFF President Violates Sports Code: Sports Ministry Tells Supreme Court,"According to the Supreme Court, the AIFF should hold elections for its President post without further delay. According to them, Praful Patel's tenure was in violation of the Sports Code."
https://www.ndtv.com/latest/page-5,Arnab Mitra," Monday April 11, 2022                                                        
                                                        ",AP EAMCET (EAPCET) 2022 To Be Held From July 4; Important Details On Application Process,Manabadi AP EAMCET (EAPCET) 2022: AP EAPCET 2022 is scheduled to be held from July 4. Apply on the official website- apsche.ap.gov.in till May 10
https://www.ndtv.com/latest/page-5,NDTVSports," Monday April 11, 2022                                                        
                                                        ","Sunrisers Hyderabad vs Gujarat Titans: IPL 2022 Live Cricket Score, Live Score Of Today's Match on NDTV Sports","Live Updates of Today Match between Sunrisers Hyderabad vs Gujarat Titans from Dr. DY Patil Sports Academy, Navi Mumbai. Check commentary and full scoreboard of the match."
https://www.ndtv.com/latest/page-5,Jagmeet Singh," Monday April 11, 2022                                                        
                                                        ","Vivo X Fold, X Note With Snapdragon 8 Gen 1 SoC Launched; Vivo Pad Debuts Alongside","Vivo X Fold and X Note were launched in China on Monday as the company's two new smartphone models. While the Vivo X Fold is Vivo's first foldable phone, the Vivo X Note is the latest premium phone by the Chinese company. Vivo Pad debuted alongside the two new phones as the company's first tablet."
https://www.ndtv.com/latest/page-5,Press Trust of India," Monday April 11, 2022                                                        
                                                        ","Foreign languages, Tamil Engineering Diplomas And More For Tamil Nadu Students","To enhance employability skills, the government has introduced teaching foreign languages such as German to final year students of state-run engineering colleges- Higher Education Minister K Ponmudy said."
https://www.ndtv.com/latest/page-5,Animesh Singh," Monday April 11, 2022                                                        
                                                        ",TRAI Suggests Sharp Reduction In 5G Spectrum Band Base Price,"TRAI has suggested slashing the base price of 5G airwaves, with 40 per cent reduction in 700 MHz band and 36 per cent cut in 3300-3670 MHz bands price"
https://www.ndtv.com/latest/page-5,NDTVSports," Monday April 11, 2022                                                        
                                                        ","Sunrisers Hyderabad vs Gujarat Titans: IPL 2022 Live Cricket Score, Live Score Of Today's Match on NDTV Sports","Live Updates of Today Match between Sunrisers Hyderabad vs Gujarat Titans from Dr. DY Patil Sports Academy, Navi Mumbai. Check commentary and full scoreboard of the match."
https://www.ndtv.com/latest/page-5,Arnab Mitra," Monday April 11, 2022                                                        
                                                        ","ICAI Offers Foreign Language Courses For Its Students, Members","According to Dr. Debashis Mitra , President, ICAI, ""by acquiring proficiency in the language of communication for businesses, CA members and students, can add value to their technical expertise, and engage with and serve their international clients better."""
https://www.ndtv.com/latest/page-5,Debika Chakraborty," Monday April 11, 2022                                                        
                                                        ","CBSE, CISCE; List Of State-Wise 10th, 12th Exams 2022 To Commence From Next Week","Besides CBSE, CISCE, states like Tripura, Andhra Pradesh and Karnataka will conduct their Class 10, 12 exams in the upcoming weeks of April."
https://www.ndtv.com/latest/page-5,Agence France-Presse," Monday April 11, 2022                                                        
                                                        ",Italy Freezes Villa Of Russian F1 Driver Nikita Mazepin And Father,"Nikita Mazepin, 23, was sacked by the Haas Formula One team last month after Russia's invasion of Ukraine."
https://www.ndtv.com/latest/page-5,Siddhant Chandra," Monday April 11, 2022                                                        
                                                        ","Apple Working on a 35W Dual-Port USB Type-C Power Adapter, Support Document Shows: Report",Apple could be working on a 35W dual-port USB Type-C power adapter. It is expected to go into mass production in 2022.
https://www.ndtv.com/latest/page-5,Sheldon Pinto," Monday April 11, 2022                                                        
                                                        ",Samsung Galaxy A53 5G Review: A Worthy Successor?,"Battery life improvements aside, the Samsung Galaxy A53 5G's closest competitor is its predecessor, the Galaxy A52s."
https://www.ndtv.com/latest/page-5,David Delima," Monday April 11, 2022                                                        
                                                        ","iQoo Neo 6 Teased to Sport 64-Megapixel Camera, 4,700mAh Battery Ahead of April 13 Launch","iQoo Neo 6 specifications have been teased by the company, ahead of the phone’s debut in China. The smartphone is set to launch on April 13, with a 64-megapixel primary camera and a 4,700mAh battery and 80W fast charging support, according to the company. It is tipped to be powered by a Snapdragon 8 Gen 1 SoC, paired with up to 12GB of LPDDR5 RAM."
https://www.ndtv.com/latest/page-6,David Delima," Monday April 11, 2022                                                        
                                                        ","iQoo Neo 6 Teased to Sport 64-Megapixel Camera, 4,700mAh Battery Ahead of April 13 Launch","iQoo Neo 6 specifications have been teased by the company, ahead of the phone’s debut in China. The smartphone is set to launch on April 13, with a 64-megapixel primary camera and a 4,700mAh battery and 80W fast charging support, according to the company. It is tipped to be powered by a Snapdragon 8 Gen 1 SoC, paired with up to 12GB of LPDDR5 RAM."
https://www.ndtv.com/latest/page-6,Press Trust of India," Monday April 11, 2022",RBI Controlled Markets' Trading Returns To 9 AM Slot From April 18,Trading in markets regulated by the Reserve Bank of India (RBI) will start from 9 am onwards from April 18
https://www.ndtv.com/latest/page-6,Preetam Bora," Monday April 11, 2022                                                        
                                                        ",20 Electric Scooters From Jitendra EV Catch Fire While Being Transported,"According to some reports, as many as 40 electric scooters from the company caught fire near the Jitendra EV factory in Nashik, Maharashtra."
https://www.ndtv.com/latest/page-6,Reuters," Monday April 11, 2022",Bombay High Court Holds Competition Commission's Probe On Debt Trustees,"Bombay High Court on Monday put on hold an antitrust investigation into trustee units of SBI, Axis Bank and IDBI Bank for suspected collusion on fees"
https://www.ndtv.com/latest/page-6,Radhika Parashar," Monday April 11, 2022                                                        
                                                        ",Crypto Trading Volume Nosedives in India Days After Tax Rule Implemented: Crebaco,"India’s tax laws on virtual digital assets is hampering crypto trading in the nation, a report by research firm Crebaco has claimed. It says that exchanges like WazirX, CoinDCX, and ZebPay have seen trading activities slip subtantially downwards in the last ten days. India’s tax laws on digital assets came into effect on April 1."
https://www.ndtv.com/latest/page-6,Siddhant Chandra," Monday April 11, 2022                                                        
                                                        ","Realme Q5 Series Launch Officially Teased, Pro x Vans Model Allegedly Spotted",A Realme Q5 series handset has been officially teased. Its special edition Pro x Vans variant has been allegedly spotted.
https://www.ndtv.com/latest/page-6,Edited by Gadgets 360 Newsdesk," Monday April 11, 2022                                                        
                                                        ","Temperatures on These Exoplanets Are Melting Rocks, NASA Hubble Space Telescope Reveals","NASA scientists have found planets where the temperature goes past 3,000 degrees Fahrenheit (roughly 1650 degrees Celsius), enough to melt even titanium. The two planets cited are WASP-178b, an exoplanet 1300 light-years away, and KELT-20b, a massive Jupiter-sized exoplanet 400 light-years away."
https://www.ndtv.com/latest/page-6,Rupali Datta," Monday April 11, 2022                                                        
                                                        ",Good Skin Health: Foods To Boost Collagen Production,"Skin Diet: As we grow older, our processes start to slow down and this affects the production of collagen too"
https://www.ndtv.com/latest/page-6,Siddhant Chandra," Monday April 11, 2022                                                        
                                                        ",OnePlus Nord 2T Tipped to Sport MediaTek Dimensity 1300 SoC - A Closer Look at the Chip,"OnePlus Nord 2T has been tipped to sport a MediaTek Dimensity 1300 SoC, a chip that was first unveiled last month. Here are more details about the SoC."
https://www.ndtv.com/latest/page-6,NDTV Movies News Desk," Monday April 11, 2022                                                        
                                                        ",Spot Shanaya Kapoor In This Bunch Of Happy Faces,"For the caption, she wrote, “Say” and added cheese and a red heart emojis."
https://www.ndtv.com/latest/page-6,Jagmeet Singh," Monday April 11, 2022                                                        
                                                        ","Airtel Black Rs. 1,099 Plan With Fibre Broadband, Landline, DTH Benefits Launched","Airtel Black has added the Rs. 1,099 plan for broadband, landline, and DTH customers. It does include benefits for postpaid connections."
https://www.ndtv.com/latest/page-6,Reuters," Monday April 11, 2022                                                        
                                                        ",Google Sues Puppy Scammer After Tip From AARP; Scammer Used Services to Sell Fake Pets,Google is suing an alleged puppy scammer who used its services to sell fake pets online. The scammer used Gmail and Google Voice accounts to fool his victims and request payments.
https://www.ndtv.com/latest/page-6,Apoorva Sinha," Monday April 11, 2022                                                        
                                                        ",Global PC Shipments Declined in Q1 2022 Following 2 Years of Growth: IDC,"The global PC market witnessed a slowdown in both the education and consumer markets, but still managed to exceed previous forecasts. Lenovo led the charge, and was followed by HP, Dell, and Apple."
https://www.ndtv.com/latest/page-6,Reuters," Monday April 11, 2022                                                        
                                                        ",Apple Said To Face Additional EU Antitrust Charge in Coming Weeks in Music Streaming Probe,Apple is said to be facing additional anti-trust charges from the European Union (EU) in the coming weeks. The investigation was started last year when Spotify filed a complaint against Apple for distorting competition in the music streaming market.
https://www.ndtv.com/latest/page-6,Shomik Sen Bhattacharjee," Monday April 11, 2022                                                        
                                                        ",AC Milan Launches First-Ever NFT Collection to Support Charity Projects,"Serie A and Italian football giants AC Milan has announced its first-ever official NFT project, in collaboration with Fansea and BitMex. A limited-edition 3D NFT of a special jersey recovered from South Sudan will be put up for sale from April 14 with proceeds directed towards charitable projects."
https://www.ndtv.com/latest/page-7,Somdatta Saha," Monday April 11, 2022                                                        
                                                        ",Love Momo? Pair It With Nepali Tamatar Ki Chutney And Try - NDTV Food Recommendation,This Nepali-style tomato chutney adds the right amount of tanginess and spice to your meal. Watch the recipe inside.
https://www.ndtv.com/latest/page-7,Niharika Sanjeeiv," Monday April 11, 2022                                                        
                                                        ","Spotted At Ranbir Kapoor's Mumbai Home, A Taxi Delivering Sabyasachi Outfits","Ranbir, Alia Marriage: The couple has reportedly picked pastel shades for their wedding outfits"
https://www.ndtv.com/latest/page-7,Press Trust of India," Monday April 11, 2022","Domestic Air Traffic Rose In 2021-22, Yet 40% Lower Than Pre-Pandemic Level: ICRA",India's domestic air passenger traffic is estimated to have grown by around 59 per cent year-on-year to 84 million in 2021-22
https://www.ndtv.com/latest/page-7,Aditi Ahuja," Monday April 11, 2022                                                        
                                                        ","Wait, What? Gordon Ramsay Cuts Up A Fish Blindfolded, Internet Is Awestruck","Celebrated chef Gordon Ramsay managed to cut up a fish, while his eyes were blindfolded! Take a look at the viral clip that left us awestruck."
https://www.ndtv.com/latest/page-7,Preetam Bora," Monday April 11, 2022                                                        
                                                        ",2022 Yamaha MT-15 Version 2.0 Launched; Prices Begin At Rs. 1.60 Lakh,"The new Yamaha MT-15 now gets an upside down front fork, aluminium swingarm, new digital instrument console with Bluetooth Y-Connect app and new colours."
https://www.ndtv.com/latest/page-7,Arnab Mitra," Monday April 11, 2022                                                        
                                                        ","Now, JEE Main 2022 Dates Clash With These Competitive Exams","JEE Main 2022: JEE Main session 1 is scheduled to be held from June 20 to 29, and session 2 from July 21 to 30"
https://www.ndtv.com/latest/page-7,Animesh Singh," Monday April 11, 2022                                                        
                                                        ",India's Trade With Ukraine Surged 19% Between 2020-21 And 2021-22,India's trade with war-torn Ukraine has seen a 19 per cent rise between 2020-21 and February 2021-22
https://www.ndtv.com/latest/page-7,Rahul Karunakar," Monday April 11, 2022                                                        
                                                        ","TCS Reports 7.3% Rise In March Quarter Net Profit To Rs 9,959 Crore","Tata Consultancy Services Ltd (TCS) reported a 7.3 per cent rise in net profit to Rs 9,959 crore in the January-March quarter and total revenue of 51,572 crore from a year earlier."
https://www.ndtv.com/latest/page-7,Reuters," Monday April 11, 2022                                                        
                                                        ","NFT Prices May Drop Sharply After Initial Surge, Say Experts","The NFT bubble isn't popping, but it may have sprung a leak. A year on from when a single non-fungible token sold for $69.3 million in crypto at Christie's auction house, with the buyer paying to be recorded on blockchain as the owner of a digital file that anyone can see online for free, this weird and wild market is showing some signs of slowing down."
https://www.ndtv.com/latest/page-7,NDTV Movies News Desk," Monday April 11, 2022                                                        
                                                        ","Shahid Kapoor's Jersey Avoids Clash With KGF: Chapter 2 This Week, Postponed To...",Jersey has already been postponed many times because of the pandemic
https://www.ndtv.com/latest/page-7,NDTV Health Desk," Monday April 11, 2022                                                        
                                                        ",Ramzan 2022: Here Are 5 Tips On Healthy Eating,Eating healthy meals during Ramzan is essential. Here Are A Few Tips.
https://www.ndtv.com/latest/page-7,Press Trust of India," Monday April 11, 2022                                                        
                                                        ",Delhi High Court Dismisses Pleas Against 6 Years+ Age Requirement For Class 1 KV Admission,"The Central government, represented by Additional Solicitor General Chetan Sharma, argued that there was no ""vested right"" in the petitioners to seek admission in KV and the petitioners would become eligible for admission next year."
https://www.ndtv.com/latest/page-7,Reuters," Monday April 11, 2022                                                        
                                                        ","India's March Fuel Demand Hits 3-yr High, Petrol Sales At All-Time Peak","Fuel consumption in India rose to 19.41 million tonnes, the highest since March 2019 as per the oil ministry's Petroleum Planning and Analysis Cell data."
https://www.ndtv.com/latest/page-7,Pavitra K," Monday April 11, 2022                                                        
                                                        ",National Safe Motherhood Day: 5 Important Nutrients For Strengthening Bones In Women,National Safe Motherhood Day: Constant and adequate supply of nutrients is needed for bone development and strengthening.
https://www.ndtv.com/latest/page-7,Ashwin Rajagopalan," Monday April 11, 2022                                                        
                                                        ",Madurai Kizhangu Pottalam: Try These Delicious Potato Parcels From Tamil Nadu,Madurai has long remained one of the cultural hotspots of Tamil Nadu
https://www.ndtv.com/latest/page-8,Ashwin Rajagopalan," Monday April 11, 2022                                                        
                                                        ",Madurai Kizhangu Pottalam: Try These Delicious Potato Parcels From Tamil Nadu,Madurai has long remained one of the cultural hotspots of Tamil Nadu
https://www.ndtv.com/latest/page-8,Rahul Karunakar," Monday April 11, 2022                                                        
                                                        ",Brent Crude Falls Over 3% And Crashes To below $100 Per barrel,"Brent crude oil fell over 3 per cent to crash below $100 per barrel, following the second straight weekly decline, pressured by China lockdowns and weighed by a surplus boost after announced plans to release a record volume of crude and oil products from strategic stocks."
https://www.ndtv.com/latest/page-8,Ashwin Rajagopalan," Monday April 11, 2022                                                        
                                                        ",Mutton Sambar: An Unusual Dish That Typifies Pondicherry's Franco Tamil Cuisine,"Pushpa calls it the Margandam Mutton Sambhar, a popular dish among diners who have dined at her home. The French used to refer to the lamb used in Pondicherian ""mouton"" (mutton)."
https://www.ndtv.com/latest/page-8,NDTV Movies News Desk," Monday April 11, 2022                                                        
                                                        ","Sunny Leone's Maldives Adventure: A Night Swim Coming Up In 3, 2, 1","""Mood for a night swim,"" she wrote read"
https://www.ndtv.com/latest/page-8,Pragya Subedy," Monday April 11, 2022                                                        
                                                        ",'Tis The Season Of Raw Mangoes: 7 Kachi Keri Recipes You Need To Try This Summer,"There's more than one way to enjoy mango! From curries to juice to even salads, here is how you can relish raw mangoes in 7 delicious forms."
https://www.ndtv.com/latest/page-8,Jaiveer Mehra," Monday April 11, 2022                                                        
                                                        ",David Beckham Gifts Son Lunaz-Built 1954 Jaguar XK140 EV,Resto-mod EV was presented by Beckham to his eldest son Brooklyn as a wedding gift.
https://www.ndtv.com/latest/page-8,Debika Chakraborty," Monday April 11, 2022                                                        
                                                        ","CBSE Term 2 Class 10, Class 12 Admit Cards To Be Released Soon; Know How To Download","CBSE Class 10 and 12 term 2 examinations start from April 26, 2022."
https://www.ndtv.com/latest/page-8,Aditi Ahuja," Monday April 11, 2022                                                        
                                                        ",This Expensive Burger Sold By US Baseball Team Costs A Whopping Rs. 19 Lakhs,"An extremely expensive burger has been launched by a US-based football club, and it has got Twitter users in a frenzy."
https://www.ndtv.com/latest/page-8,Reuters," Monday April 11, 2022",European Union To Meet OPEC Leaders Amid Greater Oil Output Demand,European Union (EU) officials will hold talks in Vienna with OPEC representatives on Monday amid calls for the producer group to increase output
https://www.ndtv.com/latest/page-8,Pragya Subedy," Monday April 11, 2022                                                        
                                                        ",Healthy Snacking: 5 Snacks Made With Different Dal For A Protein-Rich Tea Time Indulgence,Looking for healthy and nutritious snacks? Try these 5 absolute delish recipes that can be made with common Indian dals.
https://www.ndtv.com/latest/page-8,Mridusmita Deka," Monday April 11, 2022                                                        
                                                        ",AP POLYCET 2022 Application Process Begins; Details Here,Candidates can apply online at polycetap.nic.in for AP POLYCET by May 5. AP POLYCET has been scheduled to be held on May 29.
https://www.ndtv.com/latest/page-8,Neha Grover," Monday April 11, 2022                                                        
                                                        ",Watch: Man Tries Hairstyles With Different Food Items; The Videos Will Leave You In Splits,Bizarre Videos: Now we don't know why he is doing this but it's sure a lot of fun to watch our favourite foods coming alive as some quirky hairdos.
https://www.ndtv.com/latest/page-8,Pragya Subedy," Monday April 11, 2022                                                        
                                                        ","Hydration, Nutrition, And More: Sabja Seeds Recipes And Their Benefits For Summer",Sabja Seeds are known to be great for hydration and helping the gut in summers. Try out these three easy recipes made with sabja seeds.
https://www.ndtv.com/latest/page-8,NDTV Movies News Desk," Monday April 11, 2022                                                        
                                                        ",What Shiv Subramaniam's Last Co-Stars Abhimanyu Dassani And Sanya Malhotra Posted,"Shiv Subramaniam was last seen in the 2021 film Meenakshi Sundareshwar, playing a Tamil patriarch"
https://www.ndtv.com/latest/page-8,Seshan Vijayraghvan," Monday April 11, 2022                                                        
                                                        ",All-Electric Tata Ace EV Light Commercial Vehicle Spotted Testing During TVC Shoot,The Tata Ace EV was recently spotted during a television commercial shoot. We expect the new electric mini-truck to make its debut later in April 2022.
